H63357-101000099809,"2009-12-23 10:04:41","2009-12-27 09:35:03",3.9794212962963
H64226-101000104255,"2010-01-11 20:19:03","2010-01-13 08:49:47",1.5213425925926
H64685-101000106501,"2010-01-21 17:08:15","2010-01-25 09:02:51",3.6629166666667
H81298-101000213166,"2010-12-27 20:37:28","2011-01-02 11:09:49",5.6057986111111
H81360-101000213534,"2010-12-28 10:19:13","2010-12-29 08:28:44",0.92327546296296
H81387-101000213642,"2010-12-28 11:25:28","2010-12-30 12:34:11",2.0477199074074
H81765-101000214930,"2010-12-30 07:16:42","2010-12-31 08:36:06",1.0551388888889
H81875-101000215354,"2010-12-30 16:07:56","2010-12-31 13:42:36",0.89907407407407
H81915-101000215623,"2010-12-31 12:51:31","2011-01-02 11:17:10",1.9344791666667
H82469-101000218797,"2011-01-11 11:01:41","2011-01-13 01:15:40",1.5930439814815
H82717-101000222086,"2011-01-13 13:57:58","2011-01-15 09:45:51",1.8249189814815
H82741-101000222191,"2011-01-13 15:06:26","2011-01-15 09:38:16",1.7721064814815
H82744-101000222212,"2011-01-13 15:19:48","2011-01-15 09:45:01",1.7675115740741
H82797-101000222430,"2011-01-13 18:31:05","2011-01-15 08:16:28",1.5731828703704
H82812-101000222502,"2011-01-13 20:07:23","2011-01-15 09:39:47",1.5641666666667
H82951-101000222947,"2011-01-14 11:38:44","2011-01-18 13:18:29",4.0692708333333
H83115-101000223723,"2011-01-15 15:30:44","2011-01-16 14:45:38",0.96868055555556
H83116-101000223724,"2011-01-15 15:31:30","2011-01-16 14:42:44",0.96613425925926
H83191-101000223971,"2011-01-16 17:18:40","2011-01-18 10:21:30",1.7103009259259
H83192-101000223974,"2011-01-16 17:50:02","2011-01-18 10:19:56",1.6874305555556
H83196-101000223984,"2011-01-16 19:20:23","2011-01-18 09:36:10",1.5942939814815
H83206-101000224006,"2011-01-16 23:04:08","2011-01-18 10:15:27",1.4661921296296
H83246-101000224123,"2011-01-17 12:58:38","2011-01-18 10:44:04",0.90655092592593
H83278-101000224247,"2011-01-17 22:21:22","2011-01-18 10:17:09",0.49707175925926
H83387-101000225093,"2011-01-18 20:24:31","2011-01-19 08:16:14",0.49424768518519
H83396-101000225177,"2011-01-18 22:52:30","2011-01-19 08:14:21",0.39017361111111
H83823-101000227253,"2011-01-22 15:34:39","2011-01-24 09:15:58",1.737025462963
H84451-101000230439,"2011-01-27 13:57:24","2011-02-01 11:17:16",4.8887962962963
H85645-101000237084,"2011-02-03 14:47:02","2011-02-07 12:18:29",3.8968402777778
H85694-101000237337,"2011-02-03 18:13:41","2011-02-07 12:06:02",3.7446875
H85793-101000238023,"2011-02-04 14:47:57","2011-02-07 12:29:57",2.9041666666667
H85798-101000238035,"2011-02-04 14:59:38","2011-02-07 12:14:50",2.8855555555556
H85849-101000238245,"2011-02-04 18:42:23","2011-02-07 13:03:18",2.764525462963
H85854-101000238253,"2011-02-04 18:54:18","2011-02-07 12:57:50",2.7524537037037
H85874-101000238330,"2011-02-04 23:14:23","2011-02-07 12:04:16",2.5346412037037
H85879-101000238336,"2011-02-04 23:21:09","2011-02-07 14:32:32",2.6329050925926
H85880-101000238337,"2011-02-04 23:22:21","2011-02-07 14:31:26",2.6313078703704
H85882-101000238339,"2011-02-04 23:24:14","2011-02-07 14:30:25",2.6292939814815
H86889-101000241758,"2011-02-11 08:18:29","2011-02-17 08:58:04",6.0274884259259
H86658-101000242182,"2011-02-11 16:11:23","2011-02-14 09:15:26",2.7111458333333
H86677-101000242286,"2011-02-11 22:26:34","2011-02-14 09:59:51",2.4814467592593
H86678-101000242287,"2011-02-11 22:27:01","2011-02-14 10:00:47",2.4817824074074
H86679-101000242288,"2011-02-11 22:27:48","2011-02-14 10:01:45",2.4819097222222
H86680-101000242289,"2011-02-11 22:29:36","2011-02-14 10:17:58",2.4919212962963
H86681-101000242291,"2011-02-11 22:34:20","2011-02-14 10:20:43",2.4905439814815
H86682-101000242293,"2011-02-11 22:45:02","2011-02-14 10:23:14",2.4848611111111
H86699-101000242372,"2011-02-12 11:07:02","2011-02-14 09:12:53",1.9207291666667
H86703-101000242392,"2011-02-12 12:28:07","2011-02-14 09:14:11",1.8653240740741
H86712-101000242443,"2011-02-12 17:02:00","2011-02-14 09:36:36",1.6906944444444
H86854-101000243099,"2011-02-14 19:54:57","2011-02-16 09:20:13",1.559212962963
H86968-101000243368,"2011-02-15 11:45:55","2011-02-17 09:00:41",1.8852546296296
H86950-101000243670,"2011-02-16 08:35:28","2011-02-17 08:46:07",1.0073958333333
H105120-101000376548,"2012-01-22 14:54:48","2012-01-24 08:24:33",1.7289930555556
H128136-101000728822,"2012-12-31 09:54:14","2013-01-02 10:12:37",2.0127662037037
H128140-101000728830,"2012-12-31 10:01:40","2013-01-02 10:15:12",2.0093981481481
H128143-101000728833,"2012-12-31 10:02:23","2013-01-02 10:13:49",2.0079398148148
H128297-101000729381,"2012-12-31 18:54:39","2013-01-03 08:18:54",2.5585069444444
H128298-101000729382,"2012-12-31 18:55:42","2013-01-03 08:18:13",2.5573032407407
H128508-101000730150,"2013-01-02 14:14:55","2013-01-03 07:43:22",0.72809027777778
H128528-101000730287,"2013-01-02 16:28:30","2013-01-03 07:12:08",0.61363425925926
H128849-101000731380,"2013-01-04 09:21:17","2013-01-07 10:08:01",3.0324537037037
H128993-101000731920,"2013-01-05 10:50:26","2013-01-07 14:33:29",2.1548958333333
H129004-101000732002,"2013-01-05 15:48:19","2013-01-07 14:51:02",1.9602199074074
H131785-101000755616,"2013-02-09 17:12:20","2013-02-15 09:18:58",5.6712731481481
H131185-101000759671,"2013-02-09 21:22:47","2013-02-19 16:50:52",9.8111689814815
H131248-101000764193,"2013-02-10 10:11:00","2013-02-20 12:00:09",10.075798611111
H131249-101000764213,"2013-02-10 10:12:05","2013-02-20 12:01:37",10.076064814815
H131250-101000764233,"2013-02-10 10:13:15","2013-02-12 07:43:56",1.8963078703704
H131361-101000767899,"2013-02-10 14:37:11","2013-02-20 15:21:41",10.030902777778
H131457-101000770719,"2013-02-10 18:35:38","2013-02-20 17:27:15",9.9525115740741
H131625-101000773699,"2013-02-11 09:42:46","2013-02-14 11:37:01",3.0793402777778
H131627-101000773715,"2013-02-11 09:44:17","2013-02-14 11:38:25",3.0792592592593
H132024-101000776699,"2013-02-11 18:37:21","2013-02-17 12:15:37",5.7349074074074
H132182-101000777494,"2013-02-12 08:01:31","2013-02-19 15:58:06",7.3309606481481
H132184-101000777497,"2013-02-12 08:02:27","2013-02-19 15:59:03",7.3309722222222
H132264-101000777785,"2013-02-12 09:17:02","2013-02-19 16:31:17",7.3015625
H132272-101000777810,"2013-02-12 09:21:16","2013-02-14 09:19:53",1.9990393518519
H132465-101000778879,"2013-02-12 14:39:15","2013-02-20 08:55:36",7.7613541666667
H132500-101000779014,"2013-02-12 15:18:46","2013-02-20 09:17:44",7.7492824074074
H132617-101000779487,"2013-02-12 17:48:00","2013-02-14 07:55:06",1.5882638888889
H132695-101000779792,"2013-02-12 21:09:14","2013-02-14 07:54:14",1.4479166666667
H132762-101000780111,"2013-02-13 08:14:49","2013-02-15 11:32:48",2.1374884259259
H133265-101000782863,"2013-02-14 14:53:12","2013-02-19 08:40:23",4.741099537037
H133266-101000782865,"2013-02-14 14:54:20","2013-02-19 08:42:36",4.7418518518519
H133453-101000783608,"2013-02-15 09:24:46","2013-02-17 10:29:11",2.0447337962963
H133480-101000783720,"2013-02-15 10:09:56","2013-02-17 10:34:36",2.0171296296296
H133581-101000784236,"2013-02-15 15:44:44","2013-02-17 10:32:01",1.7828356481481
H133583-101000784245,"2013-02-15 15:55:21","2013-02-17 10:32:34",1.7758449074074
H133756-101000785569,"2013-02-17 21:22:36","2013-02-20 09:58:18",2.5247916666667
H133881-101000786404,"2013-02-19 10:01:37","2013-02-20 08:06:33",0.92009259259259
H133967-101000786924,"2013-02-19 15:34:52","2013-02-21 08:25:53",1.7020949074074
H134152-101000788363,"2013-02-21 08:50:53","2013-02-22 07:13:56",0.93267361111111
H135303-101000800790,"2013-03-09 15:00:21","2013-03-12 07:22:15",2.6402083333333
H135955-101000807653,"2013-03-20 10:24:37","2013-03-21 08:13:47",0.90914351851852
H135970-101000807755,"2013-03-20 11:37:41","2013-03-21 08:02:19",0.85043981481481
H136150-101000809130,"2013-03-22 09:33:48","2013-03-25 09:55:39",3.0151736111111
H152596-101000982361,"2013-12-15 14:44:11","2013-12-17 11:33:58",1.8679050925926
H152598-101000982364,"2013-12-15 14:45:47","2013-12-17 11:29:41",1.8638194444444
H152758-101000983192,"2013-12-16 09:40:16","2013-12-17 11:43:00",1.0852314814815
H152834-101000983571,"2013-12-16 12:08:26","2013-12-18 10:56:38",1.9501388888889
H152836-101000983573,"2013-12-16 12:09:47","2013-12-18 10:58:07",1.9502314814815
H152867-101000983700,"2013-12-16 13:03:28","2013-12-18 10:57:15",1.912349537037
H152868-101000983703,"2013-12-16 13:04:23","2013-12-18 10:56:00",1.9108449074074
H152886-101000983747,"2013-12-16 13:23:31","2013-12-18 11:20:34",1.9146180555556
H152975-101000984162,"2013-12-16 16:30:29","2013-12-18 10:46:41",1.76125
H153072-101000984560,"2013-12-16 21:54:41","2013-12-18 10:53:55",1.5411342592593
H153111-101000984680,"2013-12-17 07:58:16","2013-12-18 11:19:13",1.1395486111111
H153113-101000984683,"2013-12-17 07:58:55","2013-12-18 11:18:24",1.1385300925926
H153114-101000984687,"2013-12-17 07:59:33","2013-12-18 11:17:47",1.137662037037
H153116-101000984691,"2013-12-17 08:00:52","2013-12-18 11:16:29",1.1358449074074
H153117-101000984693,"2013-12-17 08:01:31","2013-12-18 11:15:50",1.1349421296296
H153222-101000985052,"2013-12-17 10:35:57","2013-12-18 15:23:10",1.1994560185185
H153295-101000985406,"2013-12-17 14:05:19","2013-12-18 15:21:35",1.052962962963
H153374-101000986362,"2013-12-18 07:40:59","2013-12-22 08:35:40",4.037974537037
H153375-101000986366,"2013-12-18 07:42:04","2013-12-22 08:36:25",4.0377430555556
H153377-101000986378,"2013-12-18 07:48:43","2013-12-22 08:42:08",4.0370949074074
H153691-101000987665,"2013-12-18 22:09:10","2013-12-22 08:34:27",3.434224537037
H153723-101000987731,"2013-12-19 07:26:03","2013-12-22 08:37:52",3.0498726851852
H155522-101001002249,"2014-01-10 10:30:38","2014-01-13 08:09:58",2.9023148148148
H156343-101001010639,"2014-01-23 07:30:56","2014-01-24 07:30:12",0.99949074074074
H157590-101001020548,"2014-02-06 13:13:36","2014-02-10 11:51:11",3.9427662037037
H157604-101001020593,"2014-02-06 13:53:14","2014-02-07 10:29:06",0.85824074074074
H157647-101001020741,"2014-02-06 15:43:07","2014-02-07 11:15:22",0.8140625
H157785-101001021232,"2014-02-07 09:44:46","2014-02-10 14:12:56",3.1862268518519
H157892-101001021684,"2014-02-07 16:56:48","2014-02-10 12:21:27",2.8087847222222
H157929-101001021837,"2014-02-07 22:13:24","2014-02-10 12:13:27",2.5833680555556
H158051-101001022216,"2014-02-08 23:53:07","2014-02-10 12:08:43",1.5108333333333
H158096-101001022371,"2014-02-09 12:29:07","2014-02-10 11:12:20",0.94667824074074
H158110-101001022409,"2014-02-09 14:01:38","2014-02-10 11:44:40",0.90488425925926
H158189-101001022857,"2014-02-10 10:01:22","2014-02-12 08:38:35",1.9425115740741
H158190-101001022860,"2014-02-10 10:02:54","2014-02-12 08:33:59",1.9382523148148
H158193-101001022869,"2014-02-10 10:08:20","2014-02-12 08:32:42",1.933587962963
H158418-101001024061,"2014-02-11 13:20:33","2014-02-13 09:53:13",1.8560185185185
H158424-101001024089,"2014-02-11 13:52:45","2014-02-13 09:55:24",1.8351736111111
H158494-101001024400,"2014-02-12 04:37:51","2014-02-13 09:56:23",1.2212037037037
H158572-101001024846,"2014-02-12 12:25:04","2014-02-13 08:00:32",0.8162962962963
H158597-101001024968,"2014-02-12 14:10:10","2014-02-13 08:02:12",0.74446759259259
H158605-101001024995,"2014-02-12 14:39:54","2014-02-13 10:03:12",0.80784722222222
H158613-101001025068,"2014-02-12 15:40:53","2014-02-13 08:04:45",0.68324074074074
H158614-101001025083,"2014-02-12 16:05:44","2014-02-13 08:14:00",0.67240740740741
H158844-101001026966,"2014-02-14 11:47:16","2014-02-19 11:09:16",4.9736111111111
H158852-101001026998,"2014-02-14 12:10:04","2014-02-19 11:08:34",4.9572916666667
H158974-101001027437,"2014-02-14 19:58:40","2014-02-19 11:20:47",4.6403587962963
H159007-101001027611,"2014-02-15 09:31:22","2014-02-19 11:24:38",4.0786574074074
H159102-101001028026,"2014-02-15 23:18:20","2014-02-19 11:44:03",3.5178587962963
H159272-101001028758,"2014-02-17 13:53:27","2014-02-19 11:15:11",1.8900925925926
H159450-101001029562,"2014-02-18 14:53:11","2014-02-24 08:48:01",5.746412037037
H159525-101001029996,"2014-02-19 07:39:14","2014-02-21 09:42:28",2.0855787037037
H159624-101001030423,"2014-02-19 11:57:41","2014-02-21 09:50:28",1.9116550925926
H159657-101001030542,"2014-02-19 13:06:21","2014-02-21 09:49:37",1.8633796296296
H159902-101001031718,"2014-02-20 11:48:48","2014-02-21 10:27:50",0.94377314814815
H159904-101001031720,"2014-02-20 11:49:25","2014-02-21 10:26:32",0.94244212962963
H159962-101001031986,"2014-02-20 14:09:47","2014-02-21 10:30:20",0.84760416666667
H160013-101001032282,"2014-02-20 17:34:09","2014-02-21 10:25:12",0.70211805555556
H183536-101001253450,"2015-01-25 10:10:07","2015-01-25 13:34:22",0.14184027777778
H183543-101001253476,"2015-01-25 11:12:37","2015-01-25 13:35:22",0.099131944444444
H183579-101001253569,"2015-01-25 13:26:19","2015-01-26 11:50:45",0.93363425925926
H183613-101001253627,"2015-01-25 15:34:38","2015-01-26 11:48:11",0.84274305555556
H183650-101001253708,"2015-01-25 19:26:26","2015-01-26 12:54:30",0.72782407407407
H183652-101001253715,"2015-01-25 20:00:16","2015-01-26 12:17:03",0.67832175925926
H184343-101001259504,"2015-01-28 17:56:35","2015-01-29 15:27:17",0.89631944444444
H184430-101001260062,"2015-01-28 21:36:00","2015-01-29 15:27:16",0.74393518518519
H184499-101001260408,"2015-01-29 07:48:51","2015-01-29 19:36:58",0.49174768518519
H184605-101001260901,"2015-01-29 09:22:07","2015-01-29 19:36:57",0.42696759259259
H184607-101001260931,"2015-01-29 09:27:05","2015-01-29 19:36:55",0.42349537037037
H184610-101001260935,"2015-01-29 09:27:58","2015-01-29 19:36:52",0.42284722222222
H184623-101001260984,"2015-01-29 09:39:27","2015-01-29 19:37:01",0.41497685185185
H184819-101001262031,"2015-01-29 13:51:30","2015-01-29 19:37:00",0.23993055555556
H184915-101001262507,"2015-01-29 16:09:44","2015-01-30 16:39:50",1.0209027777778
H184997-101001262850,"2015-01-29 17:53:47","2015-01-30 16:39:46",0.94859953703704
H185104-101001263217,"2015-01-29 20:03:15","2015-01-30 16:39:49",0.85872685185185
H185286-101001263775,"2015-01-30 08:31:36","2015-01-31 14:10:22",1.2352546296296
H185300-101001263837,"2015-01-30 08:46:27","2015-01-30 16:40:18",0.3290625
H185332-101001263929,"2015-01-30 09:15:38","2015-01-31 14:10:20",1.2046527777778
H185350-101001263968,"2015-01-30 09:24:06","2015-01-31 14:10:17",1.1987384259259
H185364-101001264016,"2015-01-30 09:32:45","2015-01-30 16:40:16",0.29688657407407
H185386-101001264078,"2015-01-30 09:51:51","2015-01-31 14:10:15",1.1794444444444
H185843-101001265648,"2015-01-31 09:05:22","2015-02-01 12:28:14",1.1408796296296
H186569-101001270236,"2015-02-03 11:59:52","2015-02-04 16:21:12",1.1814814814815
H186655-101001270638,"2015-02-03 13:21:50","2015-02-04 16:20:49",1.1242939814815
H186658-101001270655,"2015-02-03 13:27:01","2015-02-04 16:21:11",1.1209490740741
H186754-101001271113,"2015-02-03 15:22:50","2015-02-04 16:20:23",1.0399652777778
H186755-101001271120,"2015-02-03 15:24:31","2015-02-04 16:21:09",1.0393287037037
H186794-101001271307,"2015-02-03 16:05:46","2015-02-04 16:21:09",1.0106828703704
H186803-101001271339,"2015-02-03 16:14:05","2015-02-04 16:20:42",1.0045949074074
H186852-101001271586,"2015-02-03 17:15:19","2015-02-04 16:20:21",0.9618287037037
H186855-101001271592,"2015-02-03 17:16:40","2015-02-04 16:20:18",0.96085648148148
H186859-101001271599,"2015-02-03 17:17:51","2015-02-04 16:20:16",0.96001157407407
H186863-101001271604,"2015-02-03 17:19:15","2015-02-04 16:20:12",0.95899305555556
H186867-101001271615,"2015-02-03 17:21:15","2015-02-04 16:20:08",0.95755787037037
H186883-101001271662,"2015-02-03 17:28:28","2015-02-04 16:20:01",0.95246527777778
H186889-101001271671,"2015-02-03 17:29:55","2015-02-04 16:19:54",0.95137731481481
H186892-101001271676,"2015-02-03 17:30:49","2015-02-04 16:20:39",0.95127314814815
H186894-101001271686,"2015-02-03 17:32:09","2015-02-04 16:20:36",0.9503125
H186971-101001272052,"2015-02-03 18:57:36","2015-02-05 16:10:45",1.8841319444444
H187073-101001272622,"2015-02-04 01:25:36","2015-02-05 16:10:43",1.6146643518519
H187183-101001273125,"2015-02-04 08:24:28","2015-02-05 16:10:34",1.3236805555556
H187325-101001273743,"2015-02-04 09:54:19","2015-02-07 09:49:40",2.9967708333333
H187588-101001275013,"2015-02-04 14:01:37","2015-02-07 09:49:37",2.825
H187625-101001275186,"2015-02-04 14:43:40","2015-02-07 09:53:22",2.7984027777778
H187645-101001275247,"2015-02-04 14:55:54","2015-02-07 09:49:36",2.7872916666667
H187667-101001275347,"2015-02-04 15:20:47","2015-02-07 09:49:34",2.7699884259259
H187670-101001275357,"2015-02-04 15:22:44","2015-02-06 10:21:47",1.7910069444444
H187766-101001275742,"2015-02-04 16:50:22","2015-02-07 09:51:51",2.7093634259259
H187778-101001275780,"2015-02-04 16:57:28","2015-02-09 08:38:23",4.6534143518519
H187907-101001276175,"2015-02-04 18:53:30","2015-02-07 09:49:31",2.6222337962963
H187908-101001276177,"2015-02-04 18:54:10","2015-02-07 09:49:29",2.6217476851852
H187912-101001276203,"2015-02-04 19:03:33","2015-02-07 09:49:28",2.6152199074074
H187952-101001276325,"2015-02-04 20:01:58","2015-02-07 09:49:27",2.5746412037037
H187956-101001276342,"2015-02-04 20:11:52","2015-02-06 11:30:51",1.6381828703704
H187979-101001276400,"2015-02-04 20:41:56","2015-02-09 08:38:25",4.4975578703704
H188006-101001276495,"2015-02-04 21:59:23","2015-02-09 08:38:20",4.4437152777778
H188105-101001276819,"2015-02-05 07:36:07","2015-02-09 08:38:19",4.0431944444444
H188146-101001276979,"2015-02-05 08:18:16","2015-02-09 08:38:25",4.0139930555556
H188150-101001276983,"2015-02-05 08:19:05","2015-02-09 08:38:24",4.0134143518519
H188214-101001277237,"2015-02-05 09:15:14","2015-02-09 08:38:24",3.9744212962963
H188257-101001277417,"2015-02-05 10:00:35","2015-02-07 09:54:31",1.995787037037
H188345-101001277835,"2015-02-05 11:55:21","2015-02-09 08:38:23",3.8632175925926
H188346-101001277839,"2015-02-05 11:56:23","2015-02-09 08:38:57",3.8628935185185
H188463-101001278424,"2015-02-05 15:21:26","2015-02-09 08:38:53",3.7204513888889
H188543-101001278761,"2015-02-05 17:41:32","2015-02-09 08:38:56",3.6231944444444
H188556-101001278813,"2015-02-05 18:04:13","2015-02-09 08:38:52",3.6073958333333
H188595-101001278944,"2015-02-05 19:13:03","2015-02-09 08:38:55",3.5596296296296
H188720-101001279532,"2015-02-06 09:00:04","2015-02-09 08:38:55",2.9853125
101001282856,"2015-02-09 01:15:23","2015-02-09 10:40:40",0.39255787037037
101001283108,"2015-02-09 10:34:55","2015-02-09 10:39:12",0.002974537037037
101001283119,"2015-02-09 10:40:47","2015-02-09 10:41:14",0.0003125
101001283913,"2015-02-09 16:36:23","2015-02-09 16:51:29",0.010486111111111
101001283921,"2015-02-09 16:38:47","2015-02-09 16:51:29",0.0088194444444444
H189613-101001284221,"2015-02-09 19:06:42","2015-02-09 21:18:58",0.091851851851852
H189687-101001284835,"2015-02-10 09:42:14","2015-02-13 07:58:08",2.9277083333333
H189717-101001285014,"2015-02-10 10:36:56","2015-02-12 19:30:58",2.3708564814815
H189766-101001285318,"2015-02-10 12:01:49","2015-02-11 18:56:33",1.2880092592593
H189786-101001285435,"2015-02-10 12:37:16","2015-02-11 18:56:33",1.2633912037037
H189860-101001285817,"2015-02-10 14:31:55","2015-02-11 18:56:32",1.1837615740741
H189993-101001286402,"2015-02-10 16:55:54","2015-02-11 18:56:32",1.0837731481481
H189999-101001286445,"2015-02-10 17:11:12","2015-02-11 18:56:28",1.0731018518519
H190012-101001286502,"2015-02-10 17:30:53","2015-02-11 18:56:27",1.0594212962963
H190045-101001286659,"2015-02-10 18:34:11","2015-02-11 18:56:26",1.0154513888889
H190098-101001286905,"2015-02-10 21:04:37","2015-02-11 18:56:31",0.91104166666667
H190126-101001287012,"2015-02-10 22:57:00","2015-02-12 19:30:56",1.8568981481481
H190130-101001287027,"2015-02-10 23:32:02","2015-02-13 07:57:58",2.3513425925926
H190152-101001287146,"2015-02-11 07:15:05","2015-02-13 07:58:03",2.029837962963
H190232-101001287558,"2015-02-11 08:50:46","2015-02-12 19:30:56",1.4445601851852
H190236-101001287567,"2015-02-11 08:52:49","2015-02-12 19:30:55",1.443125
H190244-101001287591,"2015-02-11 08:56:49","2015-02-12 19:30:54",1.4403356481481
H190367-101001288059,"2015-02-11 10:44:08","2015-02-11 18:56:31",0.34193287037037
H190368-101001288065,"2015-02-11 10:46:49","2015-02-11 18:56:30",0.34005787037037
H190439-101001288379,"2015-02-11 12:25:45","2015-02-12 19:05:42",1.2777430555556
H190585-101001289079,"2015-02-11 16:26:56","2015-02-13 19:18:07",2.1188773148148
H190635-101001289285,"2015-02-11 17:26:52","2015-02-12 19:12:16",1.0731944444444
H190666-101001289435,"2015-02-11 18:22:18","2015-02-17 07:18:08",5.5387731481481
H190708-101001289584,"2015-02-11 19:22:13","2015-02-14 14:38:57",2.803287037037
H190721-101001289622,"2015-02-11 19:36:24","2015-02-14 14:38:56",2.7934259259259
H190723-101001289627,"2015-02-11 19:39:37","2015-02-14 14:38:54",2.7911689814815
H190768-101001289733,"2015-02-11 20:34:49","2015-02-14 14:38:51",2.7528009259259
H190779-101001289768,"2015-02-11 20:53:30","2015-02-14 14:38:49",2.7398032407407
H190782-101001289786,"2015-02-11 21:07:36","2015-02-14 14:38:48",2.73
H190787-101001289796,"2015-02-11 21:16:05","2015-02-14 14:38:47",2.7240972222222
H190802-101001289843,"2015-02-11 22:00:33","2015-02-14 14:38:46",2.6932060185185
H190808-101001289872,"2015-02-11 22:23:11","2015-02-14 14:38:45",2.6774768518519
H190877-101001290177,"2015-02-12 07:59:25","2015-02-17 07:18:05",4.9712962962963
H190891-101001290253,"2015-02-12 08:19:51","2015-02-14 14:38:44",2.2631134259259
H190931-101001290363,"2015-02-12 08:43:47","2015-02-14 14:38:44",2.2464930555556
H190992-101001290604,"2015-02-12 09:36:03","2015-02-14 14:38:58",2.2103587962963
H191003-101001290646,"2015-02-12 09:44:58","2015-02-14 14:38:58",2.2041666666667
H191052-101001290843,"2015-02-12 10:35:16","2015-02-17 07:18:04",4.8630555555556
H191090-101001291108,"2015-02-12 11:51:25","2015-02-17 07:18:04",4.8101736111111
H191271-101001291928,"2015-02-12 16:36:56","2015-02-19 17:58:06",7.0563657407407
H191272-101001291929,"2015-02-12 16:37:30","2015-02-19 17:58:06",7.0559722222222
H191338-101001292156,"2015-02-12 18:37:29","2015-02-20 10:54:52",7.6787384259259
H191367-101001292238,"2015-02-12 19:21:11","2015-02-19 17:58:05",6.9422916666667
H191386-101001292303,"2015-02-12 20:00:44","2015-02-20 10:39:20",7.6101388888889
H191523-101001293048,"2015-02-13 10:02:04","2015-02-20 10:39:25",7.0259375
H191534-101001293107,"2015-02-13 10:22:09","2015-02-20 10:39:24",7.0119791666667
H191568-101001293297,"2015-02-13 11:16:39","2015-02-20 10:39:24",6.9741319444444
H191578-101001293372,"2015-02-13 11:47:30","2015-02-19 17:58:05",6.257349537037
H191640-101001293687,"2015-02-13 13:53:59","2015-02-20 10:39:23",6.8648611111111
H191685-101001293854,"2015-02-13 15:12:00","2015-02-18 09:41:11",4.7702662037037
H191691-101001293875,"2015-02-13 15:25:28","2015-02-18 09:41:10",4.7609027777778
H191743-101001294134,"2015-02-13 17:24:41","2015-02-19 17:56:07",6.0218287037037
H191923-101001295153,"2015-02-14 15:38:40","2015-02-19 14:49:00",4.9655092592593
H192103-101001296950,"2015-02-15 22:01:59","2015-02-20 10:39:18",4.5259143518519
H192138-101001297287,"2015-02-16 08:50:02","2015-02-19 14:48:51",3.2491782407407
H192141-101001297292,"2015-02-16 08:51:03","2015-02-19 14:48:50",3.2484606481481
H192185-101001297534,"2015-02-16 10:09:55","2015-02-19 14:49:00",3.1938078703704
H192255-101001298008,"2015-02-16 12:12:17","2015-02-19 17:49:12",3.2339699074074
H192259-101001298037,"2015-02-16 12:18:45","2015-02-25 08:17:00",8.8321180555556
H192262-101001298044,"2015-02-16 12:20:40","2015-02-19 17:49:10",3.228125
H192347-101001298673,"2015-02-16 15:01:46","2015-02-20 09:43:44",3.7791435185185
H192362-101001298752,"2015-02-16 15:23:08","2015-02-19 14:48:48",2.9761574074074
H192380-101001298890,"2015-02-16 15:55:00","2015-02-19 17:49:09",3.0792708333333
H192412-101001299063,"2015-02-16 16:45:07","2015-02-19 17:49:08",3.0444560185185
H192416-101001299080,"2015-02-16 16:49:10","2015-02-19 17:49:07",3.0416319444444
H192436-101001299230,"2015-02-16 17:27:22","2015-02-19 17:49:06",3.0150925925926
H192504-101001299646,"2015-02-16 20:36:38","2015-02-20 10:39:43",3.585474537037
H192508-101001299662,"2015-02-16 20:42:44","2015-02-19 17:49:04",2.8793981481481
H192566-101001300000,"2015-02-17 07:48:45","2015-02-20 10:39:40",3.1186921296296
H192785-101001301083,"2015-02-17 12:04:57","2015-02-20 09:16:38",2.8831134259259
H192868-101001301619,"2015-02-17 14:45:36","2015-02-20 09:16:38",2.7715509259259
H192879-101001301686,"2015-02-17 15:09:05","2015-02-21 11:48:58",3.8610300925926
H192908-101001301821,"2015-02-17 15:38:04","2015-02-20 09:16:27",2.7349884259259
H192911-101001301836,"2015-02-17 15:41:16","2015-02-20 09:17:05",2.7332060185185
H192928-101001301946,"2015-02-17 16:06:51","2015-02-20 09:17:09",2.7154861111111
H192929-101001301952,"2015-02-17 16:08:15","2015-02-20 09:17:09",2.7145138888889
H192931-101001301960,"2015-02-17 16:09:29","2015-02-20 09:17:08",2.7136458333333
H192933-101001301967,"2015-02-17 16:11:25","2015-02-20 09:17:08",2.7123032407407
H192934-101001301969,"2015-02-17 16:12:48","2015-02-20 09:17:08",2.7113425925926
H192955-101001302047,"2015-02-17 16:34:19","2015-02-20 09:17:07",2.6963888888889
H193117-101001302889,"2015-02-17 22:13:56","2015-02-20 09:17:02",2.4604861111111
H193119-101001302892,"2015-02-17 22:15:20","2015-02-20 09:17:01",2.4595023148148
H193143-101001303032,"2015-02-18 07:10:15","2015-02-20 09:17:06",2.0880902777778
H193995-101001303468,"2015-02-18 09:17:13","2015-02-25 08:17:02",6.9582060185185
H193264-101001303541,"2015-02-18 09:31:34","2015-02-20 09:17:00",1.9898842592593
H193565-101001305009,"2015-02-18 17:11:52","2015-02-20 08:25:43",1.6346180555556
H193566-101001305010,"2015-02-18 17:12:31","2015-02-20 08:25:42",1.6341550925926
H193568-101001305012,"2015-02-18 17:13:04","2015-02-20 08:25:40",1.63375
H193569-101001305013,"2015-02-18 17:13:34","2015-02-20 08:25:41",1.6334143518519
H193570-101001305015,"2015-02-18 17:14:03","2015-02-20 08:25:39",1.6330555555556
H193574-101001305018,"2015-02-18 17:14:59","2015-02-20 08:25:38",1.6323958333333
H193575-101001305023,"2015-02-18 17:15:57","2015-02-20 08:25:38",1.631724537037
H193636-101001305234,"2015-02-18 18:37:16","2015-02-20 08:25:44",1.5753240740741
H193855-101001306004,"2015-02-19 09:14:12","2015-02-25 08:11:20",5.9563425925926
H193859-101001306012,"2015-02-19 09:17:13","2015-02-25 08:11:20",5.9542476851852
H193912-101001306264,"2015-02-19 10:17:41","2015-02-24 09:13:42",4.9555671296296
H194192-101001307603,"2015-02-19 19:10:33","2015-02-20 08:25:33",0.55208333333333
H194395-101001308567,"2015-02-20 11:51:35","2015-02-21 12:38:19",1.0324537037037
H194420-101001308657,"2015-02-20 12:29:43","2015-02-21 12:39:04",1.0064930555556
H194558-101001309367,"2015-02-20 18:20:17","2015-02-21 12:38:22",0.76255787037037
H194560-101001309375,"2015-02-20 18:26:48","2015-02-21 12:38:29",0.75811342592593
H194561-101001309376,"2015-02-20 18:27:23","2015-02-21 12:38:29",0.75770833333333
H194650-101001309819,"2015-02-21 10:18:44","2015-02-21 12:37:56",0.096666666666667
H194688-101001309990,"2015-02-21 12:13:59","2015-02-27 09:10:06",5.8723032407407
H194745-101001310259,"2015-02-21 15:12:19","2015-02-26 08:32:25",4.7222916666667
H194793-101001310406,"2015-02-21 17:48:08","2015-02-26 08:32:24",4.6140740740741
H194820-101001310494,"2015-02-21 20:23:46","2015-02-27 09:10:02",5.5321296296296
H194824-101001310502,"2015-02-21 20:27:43","2015-02-26 08:32:23",4.5032407407407
H194826-101001310506,"2015-02-21 20:29:13","2015-02-26 08:32:22",4.5021875
H194850-101001310576,"2015-02-21 23:01:32","2015-02-26 08:32:35",4.3965625
H195092-101001311459,"2015-02-23 07:34:30","2015-02-26 08:32:30",3.0402777777778
H195096-101001311479,"2015-02-23 07:44:07","2015-02-26 08:32:30",3.033599537037
H195107-101001311557,"2015-02-23 08:18:21","2015-02-26 08:32:20",3.0097106481481
H195109-101001311568,"2015-02-23 08:20:43","2015-02-26 08:32:18",3.0080439814815
H195169-101001311880,"2015-02-23 09:50:07","2015-02-26 08:32:28",2.9460763888889
H195177-101001311913,"2015-02-23 09:59:49","2015-02-26 08:32:28",2.9393402777778
H195178-101001311917,"2015-02-23 10:00:22","2015-02-26 08:32:27",2.9389467592593
H195179-101001311920,"2015-02-23 10:00:44","2015-02-26 08:33:02",2.9390972222222
H195180-101001311922,"2015-02-23 10:01:07","2015-02-26 08:33:02",2.9388310185185
H195181-101001311926,"2015-02-23 10:02:27","2015-02-26 08:32:55",2.9378240740741
H195182-101001311928,"2015-02-23 10:02:53","2015-02-26 08:32:57",2.9375462962963
H195197-101001312008,"2015-02-23 10:32:18","2015-02-26 07:34:02",2.8762037037037
H195384-101001312804,"2015-02-23 16:09:13","2015-02-26 08:33:01",2.6831944444444
H195464-101001313160,"2015-02-23 21:10:19","2015-02-26 08:32:53",2.4740046296296
H195513-101001313383,"2015-02-24 08:03:30","2015-02-27 09:10:21",3.0464236111111
H195554-101001313639,"2015-02-24 09:10:45","2015-02-26 08:33:00",1.9737847222222
H195866-101001315705,"2015-02-25 10:20:26","2015-02-27 09:10:11",1.9512152777778
H195868-101001315710,"2015-02-25 10:21:25","2015-02-27 09:10:11",1.9505324074074
H195874-101001315712,"2015-02-25 10:22:00","2015-02-27 09:10:10",1.9501157407407
H196049-101001316657,"2015-02-25 18:14:49","2015-02-27 09:10:37",1.6220833333333
H196055-101001316687,"2015-02-25 18:36:41","2015-02-27 09:10:36",1.6068865740741
H196116-101001317057,"2015-02-26 08:36:03","2015-02-27 09:10:33",1.0239583333333
H196260-101001317982,"2015-02-26 14:47:01","2015-03-03 08:52:20",4.7536921296296
H196332-101001318293,"2015-02-26 17:37:19","2015-03-02 13:45:52",3.8392708333333
H196334-101001318296,"2015-02-26 17:38:05","2015-03-02 13:45:51",3.8387268518519
H196336-101001318322,"2015-02-26 17:51:30","2015-03-02 13:45:47",3.8293634259259
H196364-101001318426,"2015-02-26 19:28:31","2015-03-02 13:45:43",3.7619444444444
H196396-101001318551,"2015-02-27 00:46:26","2015-03-05 14:30:20",6.5721527777778
H196408-101001318603,"2015-02-27 07:27:23","2015-03-03 08:53:14",4.0596180555556
H196409-101001318604,"2015-02-27 07:28:29","2015-03-02 13:45:42",3.2619560185185
H196410-101001318607,"2015-02-27 07:29:52","2015-03-02 13:45:41",3.2609837962963
H196413-101001318615,"2015-02-27 07:37:21","2015-03-02 13:45:39",3.2557638888889
H196960-101001320830,"2015-03-02 07:34:52","2015-03-05 11:01:52",3.14375
H197465-101001323156,"2015-03-03 19:01:08","2015-03-06 08:22:26",2.5564583333333
H197559-101001323618,"2015-03-04 09:54:19","2015-03-05 10:24:58",1.0212847222222
H197994-101001325506,"2015-03-05 20:26:05","2015-03-06 08:22:58",0.49783564814815
H198295-101001326857,"2015-03-07 17:55:41","2015-03-09 08:32:44",1.5673958333333
H198560-101001328091,"2015-03-09 15:29:44","2015-03-10 08:14:06",0.69747685185185
H198982-101001330656,"2015-03-11 18:58:07","2015-03-12 08:19:03",0.5562037037037
H199092-101001331689,"2015-03-12 16:26:42","2015-03-13 13:00:08",0.85655092592593
H199107-101001331758,"2015-03-12 17:34:48","2015-03-13 12:59:38",0.80891203703704
H199263-101001333282,"2015-03-14 19:33:01","2015-03-16 14:22:02",1.7840393518519
H199264-101001333283,"2015-03-14 19:33:22","2015-03-16 14:20:27",1.7826967592593
H199265-101001333284,"2015-03-14 19:34:46","2015-03-16 14:21:42",1.7825925925926
H199274-101001333400,"2015-03-15 10:54:26","2015-03-16 14:29:09",1.1491087962963
H199816-101001338722,"2015-03-20 17:14:03","2015-03-24 09:52:01",3.6930324074074
101001684302,"2015-12-30 08:31:35","2015-12-30 08:41:24",0.0068171296296296
101001684402,"2015-12-30 09:21:57","2015-12-30 10:58:13",0.066851851851852
101001684539,"2015-12-30 10:28:26","2015-12-30 11:57:33",0.061886574074074
101001684569,"2015-12-30 10:46:42","2015-12-30 11:22:01",0.024525462962963
101001684730,"2015-12-30 12:16:49","2015-12-30 12:46:39",0.020717592592593
101001695556,"2016-01-18 11:49:51","2016-01-18 18:10:01",0.26400462962963
101001695888,"2016-01-19 08:00:17","2016-01-19 08:49:45",0.034351851851852
101001696076,"2016-01-19 09:57:38","2016-01-19 13:26:55",0.14533564814815
101001696088,"2016-01-19 10:03:25","2016-01-19 13:05:06",0.12616898148148
101001696354,"2016-01-19 13:04:54","2016-01-19 13:16:33",0.0080902777777778
101001696395,"2016-01-19 13:41:18","2016-01-19 15:31:17",0.076377314814815
101001696477,"2016-01-19 15:06:29","2016-01-19 15:42:53",0.025277777777778
101001696778,"2016-01-20 07:18:05","2016-01-20 07:41:09",0.016018518518519
101001696779,"2016-01-20 07:19:12","2016-01-20 07:47:42",0.019791666666667
101001696872,"2016-01-20 08:48:30","2016-01-20 09:22:18",0.023472222222222
101001697624,"2016-01-21 07:36:47","2016-01-21 08:47:45",0.049282407407407
101001697857,"2016-01-21 10:45:22","2016-01-21 11:11:25",0.018090277777778
101001697858,"2016-01-21 10:46:57","2016-01-21 11:18:02",0.021585648148148
101001697862,"2016-01-21 10:47:34","2016-01-21 11:25:11",0.026122685185185
101001697866,"2016-01-21 10:49:32","2016-01-21 11:30:52",0.028703703703704
101001698004,"2016-01-21 13:01:59","2016-01-21 15:37:06",0.10771990740741
101001699934,"2016-01-24 12:45:15","2016-01-24 22:25:33",0.40298611111111
101001700043,"2016-01-24 14:42:54","2016-01-24 22:15:23",0.31422453703704
101001700138,"2016-01-24 16:40:39","2016-01-24 22:42:20",0.25116898148148
101001700142,"2016-01-24 16:45:31","2016-01-24 22:05:09",0.22196759259259
101001700152,"2016-01-24 16:54:41","2016-01-24 22:01:11",0.21284722222222
101001700153,"2016-01-24 16:55:31","2016-01-24 22:01:47",0.21268518518519
101001700157,"2016-01-24 17:00:11","2016-01-24 22:11:43",0.21634259259259
101001700159,"2016-01-24 17:02:48","2016-01-24 22:07:18",0.21145833333333
101001700208,"2016-01-24 18:47:36","2016-01-24 20:58:56",0.091203703703704
101001700321,"2016-01-24 22:36:22","2016-01-24 23:01:22",0.017361111111111
101001700322,"2016-01-24 22:38:37","2016-01-24 22:47:19",0.0060416666666667
101001700324,"2016-01-24 22:44:48","2016-01-24 22:53:10",0.0058101851851852
101001700356,"2016-01-25 06:12:09","2016-01-25 11:22:28",0.21549768518519
101001700357,"2016-01-25 06:12:35","2016-01-25 11:22:28",0.21519675925926
101001700527,"2016-01-25 08:22:17","2016-01-25 10:49:40",0.10234953703704
101001700549,"2016-01-25 08:29:43","2016-01-25 09:58:27",0.06162037037037
101001700576,"2016-01-25 08:36:01","2016-01-25 09:57:30",0.056585648148148
101001700581,"2016-01-25 08:37:23","2016-01-25 09:57:10",0.055405092592593
101001700732,"2016-01-25 09:39:29","2016-01-25 10:51:27",0.049976851851852
101001701106,"2016-01-25 13:05:27","2016-01-25 20:17:36",0.30010416666667
101001701113,"2016-01-25 13:15:16","2016-01-25 20:13:54",0.29071759259259
101001701320,"2016-01-25 15:30:30","2016-01-25 16:34:02",0.04412037037037
101001701334,"2016-01-25 15:42:01","2016-01-25 17:09:37",0.060833333333333
101001701401,"2016-01-25 16:34:41","2016-01-25 17:20:46",0.032002314814815
101001701735,"2016-01-26 07:10:58","2016-01-26 07:55:41",0.031053240740741
101001701769,"2016-01-26 07:40:12","2016-01-26 08:43:15",0.043784722222222
101001701932,"2016-01-26 09:16:51","2016-01-26 09:24:05",0.0050231481481481
101001710430,"2016-02-06 09:12:51","2016-02-07 13:08:48",1.1638541666667
101001710664,"2016-02-06 11:35:58","2016-02-07 13:08:11",1.0640393518519
101001710702,"2016-02-06 11:53:05","2016-02-07 13:07:06",1.051400462963
101001710706,"2016-02-06 11:55:59","2016-02-07 13:07:34",1.0497106481481
101001710727,"2016-02-06 12:13:03","2016-02-07 13:06:41",1.0372453703704
101001710728,"2016-02-06 12:13:39","2016-02-07 13:06:56",1.0370023148148
101001710906,"2016-02-06 14:28:59","2016-02-07 13:05:56",0.94232638888889
101001710975,"2016-02-06 15:29:26","2016-02-07 13:06:35",0.90079861111111
101001711044,"2016-02-06 16:42:19","2016-02-07 13:07:33",0.85085648148148
101001711046,"2016-02-06 16:43:20","2016-02-07 13:07:23",0.85003472222222
101001711124,"2016-02-06 18:07:17","2016-02-07 13:04:38",0.78982638888889
101001711154,"2016-02-06 18:33:38","2016-02-07 13:04:29",0.77142361111111
101001711330,"2016-02-07 08:57:21","2016-02-08 07:35:49",0.94337962962963
101001711355,"2016-02-07 09:27:23","2016-02-08 07:34:08",0.92135416666667
101001711508,"2016-02-07 12:32:58","2016-02-08 07:53:57",0.80623842592593
101001711583,"2016-02-07 13:49:34","2016-02-08 07:44:38",0.74657407407407
101001711759,"2016-02-07 19:36:40","2016-02-08 07:44:23",0.5053587962963
101001713024,"2016-02-09 09:20:02","2016-02-09 15:10:19",0.24325231481481
101001713475,"2016-02-09 13:53:34","2016-02-09 16:16:31",0.099270833333333
101001713689,"2016-02-09 16:32:27","2016-02-09 17:19:17",0.032523148148148
101001713730,"2016-02-09 16:59:19","2016-02-09 17:33:20",0.023622685185185
101001713731,"2016-02-09 16:59:51","2016-02-09 17:49:28",0.034456018518519
101001713734,"2016-02-09 17:00:53","2016-02-09 17:45:03",0.030671296296296
101001713751,"2016-02-09 17:18:39","2016-02-09 17:58:46",0.027858796296296
101001713753,"2016-02-09 17:21:32","2016-02-09 18:12:34",0.035439814814815
101001714030,"2016-02-10 07:08:08","2016-02-10 09:56:58",0.11724537037037
101001714077,"2016-02-10 07:53:06","2016-02-10 08:42:39",0.034409722222222
101001714134,"2016-02-10 08:16:51","2016-02-10 08:33:56",0.011863425925926
101001714275,"2016-02-10 09:31:04","2016-02-10 09:57:05",0.01806712962963
101001714730,"2016-02-10 16:42:21","2016-02-10 19:58:21",0.13611111111111
101001714884,"2016-02-10 21:58:14","2016-02-11 06:59:34",0.37592592592593
101001714977,"2016-02-11 07:53:06","2016-02-11 11:49:06",0.16388888888889
101001715015,"2016-02-11 08:11:33","2016-02-11 11:33:01",0.13990740740741
101001716216,"2016-02-12 16:10:27","2016-02-12 19:57:38",0.1577662037037
101001716770,"2016-02-14 16:06:00","2016-02-15 06:51:40",0.6150462962963
101001716966,"2016-02-15 08:57:26","2016-02-15 11:19:00",0.098310185185185
101001761002,"2016-04-05 08:36:16","2016-04-05 11:02:52",0.10180555555556
101001761056,"2016-04-05 09:00:26","2016-04-05 11:37:00",0.10872685185185
101001761058,"2016-04-05 09:01:51","2016-04-05 11:39:54",0.10975694444444
101001761061,"2016-04-05 09:02:59","2016-04-05 11:28:43",0.1012037037037
101001761077,"2016-04-05 09:12:16","2016-04-05 10:44:25",0.063993055555556
101001761138,"2016-04-05 09:48:05","2016-04-05 11:06:55",0.05474537037037
101001761492,"2016-04-05 13:51:15","2016-04-05 14:40:59",0.034537037037037
101001761493,"2016-04-05 13:51:51","2016-04-05 14:35:11",0.030092592592593
101001761495,"2016-04-05 13:52:26","2016-04-05 14:35:37",0.029988425925926
101001761703,"2016-04-05 17:23:34","2016-04-05 20:01:48",0.10988425925926
101001761705,"2016-04-05 17:27:37","2016-04-05 20:11:03",0.11349537037037
101001984151,"2017-01-08 15:45:17","2017-01-09 10:55:23",0.79868055555556
101001984271,"2017-01-08 20:41:45","2017-01-09 10:44:43",0.58539351851852
101001984343,"2017-01-09 06:43:27","2017-01-09 10:14:01",0.14622685185185
101001984451,"2017-01-09 08:27:21","2017-01-09 11:20:46",0.12042824074074
101001984566,"2017-01-09 09:41:24","2017-01-09 12:32:44",0.11898148148148
101001984571,"2017-01-09 09:46:27","2017-01-09 12:07:03",0.097638888888889
101001984592,"2017-01-09 09:58:39","2017-01-09 10:39:35",0.028425925925926
101001985124,"2017-01-09 17:47:39","2017-01-09 20:16:50",0.10359953703704
101001985197,"2017-01-09 19:02:46","2017-01-09 19:56:39",0.037418981481481
101001985360,"2017-01-10 07:34:26","2017-01-10 11:37:29",0.16878472222222
101001985361,"2017-01-10 07:35:10","2017-01-10 11:42:41",0.17188657407407
101001985476,"2017-01-10 08:47:16","2017-01-10 12:08:32",0.13976851851852
101002007383,"2017-02-10 10:56:54","2017-02-11 09:26:59",0.93755787037037
101002007573,"2017-02-10 12:08:21","2017-02-11 10:19:59",0.92474537037037
101002008398,"2017-02-10 17:13:35","2017-02-11 09:31:19",0.67898148148148
101002008664,"2017-02-10 19:31:28","2017-02-11 09:44:25",0.59232638888889
101002008745,"2017-02-10 20:52:01","2017-02-11 10:11:12",0.55498842592593
101002008966,"2017-02-11 07:45:59","2017-02-11 10:17:33",0.10525462962963
101002009883,"2017-02-12 00:48:14","2017-02-13 08:33:02",1.3227777777778
101002011102,"2017-02-13 12:01:07","2017-02-14 14:47:54",1.1158217592593
101002011107,"2017-02-13 12:02:26","2017-02-13 12:35:00",0.022615740740741
101002011654,"2017-02-13 17:17:48","2017-02-14 14:36:47",0.88818287037037
101002011694,"2017-02-13 17:35:06","2017-02-14 22:52:01",1.2200810185185
101002011875,"2017-02-13 19:36:27","2017-02-14 15:18:34",0.82091435185185
101002011992,"2017-02-13 22:47:18","2017-02-14 14:43:03",0.66371527777778
101002012193,"2017-02-14 07:57:12","2017-02-15 00:04:53",0.67200231481481
101002012238,"2017-02-14 08:13:33","2017-02-14 17:12:31",0.37428240740741
101002012241,"2017-02-14 08:14:47","2017-02-14 17:13:29",0.37409722222222
101002012730,"2017-02-14 10:18:19","2017-02-14 17:12:30",0.28762731481481
101002013021,"2017-02-14 12:20:31","2017-02-14 16:40:52",0.18079861111111
101002013257,"2017-02-14 14:48:29","2017-02-15 01:10:43",0.43210648148148
101002013324,"2017-02-14 15:23:03","2017-02-15 00:57:05",0.39863425925926
101002013340,"2017-02-14 15:33:50","2017-02-15 01:26:44",0.41173611111111
101002013438,"2017-02-14 16:25:42","2017-02-15 00:42:00",0.34465277777778
101002013523,"2017-02-14 17:16:36","2017-02-14 23:31:55",0.26063657407407
101002013525,"2017-02-14 17:17:01","2017-02-15 00:20:37",0.29416666666667
101002013552,"2017-02-14 17:24:04","2017-02-14 23:07:06",0.23821759259259
101002013693,"2017-02-14 18:19:47","2017-02-14 23:58:40",0.23533564814815
101002013699,"2017-02-14 18:22:26","2017-02-14 23:45:06",0.22407407407407
101002013916,"2017-02-14 22:01:55","2017-02-14 23:25:07",0.057777777777778
101002013917,"2017-02-14 22:02:41","2017-02-14 23:14:25",0.049814814814815
101002013918,"2017-02-14 22:03:07","2017-02-14 23:26:18",0.057766203703704
101002013920,"2017-02-14 22:03:40","2017-02-14 23:25:37",0.056909722222222
101002013926,"2017-02-14 22:08:43","2017-02-15 00:09:53",0.084143518518519
101002014332,"2017-02-15 08:53:47","2017-02-16 09:07:07",1.0092592592593
101002014363,"2017-02-15 09:06:23","2017-02-16 07:26:17",0.93048611111111
101002014500,"2017-02-15 09:42:43","2017-02-16 07:23:00",0.90297453703704
101002014635,"2017-02-15 10:27:38","2017-02-16 06:45:27",0.84570601851852
101002014759,"2017-02-15 11:11:04","2017-02-16 08:29:41",0.88792824074074
101002014897,"2017-02-15 12:07:58","2017-02-16 07:53:36",0.82335648148148
101002015006,"2017-02-15 13:00:39","2017-02-16 07:35:35",0.77425925925926
101002015023,"2017-02-15 13:09:20","2017-02-16 07:32:39",0.76619212962963
101002015327,"2017-02-15 15:16:06","2017-02-16 07:20:57",0.67003472222222
101002015345,"2017-02-15 15:26:19","2017-02-16 07:20:56",0.66292824074074
101002015354,"2017-02-15 15:29:14","2017-02-16 06:54:14",0.64236111111111
101002015372,"2017-02-15 15:36:41","2017-02-16 06:44:30",0.63042824074074
101002015451,"2017-02-15 16:11:18","2017-02-16 09:06:06",0.70472222222222
101002015547,"2017-02-15 16:56:21","2017-02-16 07:08:17",0.59162037037037
101002015764,"2017-02-15 18:50:46","2017-02-16 07:56:57",0.54596064814815
101002015824,"2017-02-15 19:58:09","2017-02-16 11:07:19",0.63136574074074
101002015933,"2017-02-15 23:14:09","2017-02-16 07:52:11",0.35974537037037
101002015961,"2017-02-16 03:52:35","2017-02-16 08:05:59",0.17597222222222
101002015967,"2017-02-16 05:48:32","2017-02-16 06:42:59",0.0378125
101002016031,"2017-02-16 07:22:49","2017-02-16 07:38:58",0.011215277777778
101002016302,"2017-02-16 09:18:15","2017-02-17 17:19:09",1.3339583333333
101002016584,"2017-02-16 11:37:02","2017-02-17 16:52:07",1.2188078703704
101002016598,"2017-02-16 11:43:34","2017-02-17 16:52:09",1.2142939814815
101002016617,"2017-02-16 11:52:38","2017-02-17 16:52:03",1.2079282407407
101002016620,"2017-02-16 11:54:03","2017-02-17 16:51:55",1.2068518518519
101002016667,"2017-02-16 12:23:03","2017-02-17 08:11:18",0.82517361111111
101002016727,"2017-02-16 13:06:04","2017-02-17 09:09:47",0.83591435185185
101002016850,"2017-02-16 14:19:16","2017-02-17 09:10:01",0.78524305555556
101002016863,"2017-02-16 14:26:58","2017-02-17 17:16:42",1.1178703703704
101002017221,"2017-02-16 18:16:39","2017-02-17 16:55:34",0.94369212962963
101002017240,"2017-02-16 18:26:19","2017-02-17 16:55:53",0.93719907407407
101002017301,"2017-02-16 19:14:27","2017-02-17 17:15:44",0.91755787037037
101002017331,"2017-02-16 20:08:34","2017-02-17 07:27:55",0.47177083333333
101002017332,"2017-02-16 20:10:16","2017-02-17 07:27:24",0.47023148148148
101002017427,"2017-02-16 22:28:25","2017-02-17 16:52:19",0.76659722222222
101002017450,"2017-02-16 23:50:22","2017-02-17 17:19:03",0.72825231481481
101002017544,"2017-02-17 07:23:32","2017-02-17 07:39:05",0.010798611111111
101002017560,"2017-02-17 07:30:40","2017-02-17 16:50:20",0.38865740740741
101002017571,"2017-02-17 07:39:50","2017-02-17 08:12:20",0.022569444444444
101002017607,"2017-02-17 08:03:18","2017-02-17 09:08:44",0.045439814814815
101002017782,"2017-02-17 09:14:15","2017-02-17 17:19:12",0.33677083333333
101002017798,"2017-02-17 09:23:48","2017-02-17 17:20:22",0.33094907407407
101002017803,"2017-02-17 09:26:36","2017-02-17 17:17:17",0.32686342592593
101002017826,"2017-02-17 09:36:44","2017-02-17 17:20:31",0.32207175925926
101002017839,"2017-02-17 09:40:49","2017-02-17 17:20:33",0.31925925925926
101002017930,"2017-02-17 10:34:54","2017-02-17 17:15:13",0.27799768518519
101002018058,"2017-02-17 11:35:45","2017-02-17 17:12:00",0.23350694444444
101002018063,"2017-02-17 11:36:40","2017-02-17 17:12:06",0.23293981481481
101002018070,"2017-02-17 11:40:31","2017-02-17 17:11:58",0.23017361111111
101002018090,"2017-02-17 11:49:42","2017-02-17 17:10:39",0.22288194444444
101002018092,"2017-02-17 11:51:00","2017-02-17 17:10:40",0.22199074074074
101002018097,"2017-02-17 11:52:12","2017-02-17 17:10:42",0.22118055555556
101002018098,"2017-02-17 11:53:17","2017-02-17 17:10:43",0.22043981481481
101002018641,"2017-02-17 18:15:55","2017-02-21 09:59:38",3.6553587962963
101002019773,"2017-02-19 16:19:14","2017-02-21 12:41:42",1.8489351851852
101002035253,"2017-03-12 01:48:29","2017-03-12 07:34:19",0.19849537037037
101002035384,"2017-03-12 14:32:06","2017-03-13 09:32:53",0.79221064814815
101002035424,"2017-03-12 15:53:03","2017-03-13 10:11:49",0.76303240740741
101002035615,"2017-03-13 07:24:02","2017-03-13 09:52:20",0.10298611111111
101002037777,"2017-03-15 09:06:52","2017-03-15 17:04:11",0.33146990740741
101002037884,"2017-03-15 09:27:50","2017-03-15 16:10:07",0.27936342592593
101002037933,"2017-03-15 09:38:49","2017-03-15 17:22:14",0.32181712962963
101002038034,"2017-03-15 09:59:52","2017-03-15 15:41:49",0.23746527777778
101002038101,"2017-03-15 10:17:15","2017-03-15 15:41:23",0.22509259259259
101002038150,"2017-03-15 10:29:31","2017-03-15 16:20:19",0.24361111111111
101002038339,"2017-03-15 11:23:04","2017-03-15 16:03:18",0.19460648148148
101002038459,"2017-03-15 12:14:00","2017-03-15 16:59:23",0.19818287037037
101002038474,"2017-03-15 12:21:19","2017-03-15 15:25:17",0.12775462962963
101002038480,"2017-03-15 12:24:33","2017-03-15 16:58:49",0.19046296296296
101002038504,"2017-03-15 12:31:46","2017-03-15 15:46:16",0.13506944444444
101002038745,"2017-03-15 14:25:14","2017-03-15 15:20:54",0.038657407407407
101002038784,"2017-03-15 14:47:00","2017-03-15 16:57:49",0.090844907407407
101002038840,"2017-03-15 15:06:13","2017-03-15 16:57:23",0.077199074074074
101002038938,"2017-03-15 15:48:59","2017-03-15 16:27:07",0.026481481481481
101002038993,"2017-03-15 16:17:05","2017-03-15 16:27:07",0.0069675925925926
101002039183,"2017-03-15 17:41:02","2017-03-16 11:48:41",0.7553125
101002039221,"2017-03-15 17:53:50","2017-03-16 11:49:12",0.74678240740741
101002039287,"2017-03-15 18:43:48","2017-03-16 17:05:15",0.9315625
101002039355,"2017-03-15 19:16:42","2017-03-16 16:18:58",0.87657407407407
101002039414,"2017-03-15 19:51:06","2017-03-16 12:08:12",0.67854166666667
101002039416,"2017-03-15 19:51:28","2017-03-16 12:08:38",0.67858796296296
101002039418,"2017-03-15 19:51:43","2017-03-16 12:08:38",0.67841435185185
101002039456,"2017-03-15 20:29:21","2017-03-16 17:04:42",0.85788194444444
101002039472,"2017-03-15 20:29:57","2017-03-16 16:35:04",0.83688657407407
101002039893,"2017-03-16 08:38:02","2017-03-16 16:52:03",0.34306712962963
101002039978,"2017-03-16 09:00:45","2017-03-16 11:40:26",0.1108912037037
101002040101,"2017-03-16 09:43:25","2017-03-16 16:51:37",0.29736111111111
101002040120,"2017-03-16 09:52:50","2017-03-16 17:37:50",0.32291666666667
101002040156,"2017-03-16 10:06:05","2017-03-16 12:17:23",0.091180555555556
101002040164,"2017-03-16 10:09:02","2017-03-16 11:22:22",0.050925925925926
101002040223,"2017-03-16 10:37:05","2017-03-16 17:13:02",0.27496527777778
101002040232,"2017-03-16 10:41:58","2017-03-17 10:46:13",1.0029513888889
101002040235,"2017-03-16 10:42:19","2017-03-16 17:23:45",0.27877314814815
101002040340,"2017-03-16 11:36:02","2017-03-17 10:53:05",0.97017361111111
101002040404,"2017-03-16 12:05:05","2017-03-16 18:02:13",0.24800925925926
101002040518,"2017-03-16 13:04:46","2017-03-16 18:02:40",0.206875
101002040569,"2017-03-16 13:27:46","2017-03-16 16:12:12",0.11418981481481
101002040573,"2017-03-16 13:30:55","2017-03-16 17:44:12",0.1758912037037
101002040579,"2017-03-16 13:33:32","2017-03-16 17:09:38",0.15006944444444
101002040622,"2017-03-16 13:57:35","2017-03-17 11:38:43",0.90356481481481
101002040623,"2017-03-16 13:58:01","2017-03-17 11:03:45",0.87898148148148
101002040895,"2017-03-16 16:33:56","2017-03-17 12:36:49",0.83533564814815
101002041093,"2017-03-16 18:32:29","2017-03-17 12:24:39",0.74456018518519
101002041227,"2017-03-16 20:57:15","2017-03-17 12:11:57",0.63520833333333
101002041538,"2017-03-17 08:36:17","2017-03-17 12:51:57",0.1775462962963
101002041732,"2017-03-17 09:52:06","2017-03-17 10:40:26",0.033564814814815
101002041843,"2017-03-17 10:47:53","2017-03-17 11:30:07",0.029328703703704
101002041846,"2017-03-17 10:49:09","2017-03-17 12:24:41",0.066342592592593
101002041847,"2017-03-17 10:50:16","2017-03-17 11:16:54",0.01849537037037
101002041850,"2017-03-17 10:51:45","2017-03-17 11:17:57",0.018194444444444
101002042011,"2017-03-17 12:33:02","2017-03-20 13:55:28",3.0572453703704
101002042069,"2017-03-17 13:14:58","2017-03-20 14:05:13",3.0348958333333
101002042105,"2017-03-17 13:38:48","2017-03-20 14:32:31",3.0373032407407
101002042477,"2017-03-17 18:11:23","2017-03-20 17:53:31",2.9875925925926
101002042559,"2017-03-17 19:18:18","2017-03-20 17:02:19",2.9055671296296
101002042572,"2017-03-17 19:37:07","2017-03-20 17:10:07",2.8979166666667
101002042899,"2017-03-18 11:26:19","2017-03-20 15:16:48",2.1600578703704
101002043019,"2017-03-18 13:57:11","2017-03-20 16:10:48",2.0927893518519
101002043047,"2017-03-18 14:37:17","2017-03-20 17:10:26",2.1063541666667
101002043095,"2017-03-18 15:14:50","2017-03-20 13:57:56",1.9465972222222
101002043552,"2017-03-19 14:39:12","2017-03-20 15:42:08",1.0437037037037
101002043939,"2017-03-20 08:45:07","2017-03-20 15:06:06",0.26457175925926
101002044135,"2017-03-20 10:32:52","2017-03-20 15:15:18",0.19613425925926
101002044140,"2017-03-20 10:34:43","2017-03-20 15:15:46",0.19517361111111
101002044710,"2017-03-20 18:45:50","2017-03-20 20:21:44",0.066597222222222
101002044858,"2017-03-21 07:09:39","2017-03-21 13:17:25",0.25539351851852
101002045625,"2017-03-21 16:00:48","2017-03-21 19:05:51",0.12850694444444
101002046731,"2017-03-22 19:14:40","2017-03-22 19:25:46",0.0077083333333333
101002049776,"2017-03-27 18:33:06","2017-03-27 19:27:13",0.037581018518519
101002282779,"2017-12-10 20:18:07","2017-12-11 14:43:17",0.76747685185185
101002282806,"2017-12-10 21:49:56","2017-12-11 14:45:06",0.70497685185185
101002283042,"2017-12-11 08:22:50","2017-12-11 14:49:05",0.26822916666667
101002283061,"2017-12-11 08:27:10","2017-12-11 14:44:06",0.26175925925926
101002283592,"2017-12-11 13:53:06","2017-12-11 14:47:30",0.037777777777778
101002283772,"2017-12-11 17:00:47","2017-12-12 12:47:07",0.82384259259259
101002284480,"2017-12-12 12:39:20","2017-12-12 12:55:49",0.011446759259259
101002292235,"2017-12-25 19:57:01","2017-12-26 08:33:23",0.52525462962963
101002292403,"2017-12-26 07:59:07","2017-12-26 08:51:26",0.036331018518519
101002292406,"2017-12-26 08:00:38","2017-12-26 08:59:51",0.041122685185185
101002292546,"2017-12-26 09:28:46","2017-12-26 16:22:29",0.28730324074074
101002292632,"2017-12-26 10:34:26","2017-12-26 16:03:00",0.2281712962963
101002292633,"2017-12-26 10:36:21","2017-12-26 16:03:01",0.22685185185185
101002292709,"2017-12-26 11:26:56","2017-12-26 16:05:53",0.19371527777778
101002292916,"2017-12-26 13:44:51","2017-12-26 16:31:50",0.11596064814815
101002292990,"2017-12-26 14:30:07","2017-12-26 15:57:35",0.060740740740741
101002293037,"2017-12-26 15:07:17","2017-12-26 16:31:41",0.058611111111111
101002293038,"2017-12-26 15:07:50","2017-12-26 16:31:57",0.058414351851852
101002293147,"2017-12-26 16:28:18","2017-12-27 12:35:34",0.83837962962963
101002293226,"2017-12-26 17:50:42","2017-12-27 12:45:17",0.78790509259259
101002293228,"2017-12-26 17:52:08","2017-12-27 12:47:48",0.78865740740741
101002293230,"2017-12-26 17:53:12","2017-12-27 12:50:40",0.78990740740741
101002293502,"2017-12-27 07:45:26","2017-12-27 14:11:01",0.2677662037037
101002293506,"2017-12-27 07:48:38","2017-12-27 13:54:32",0.25409722222222
101002293702,"2017-12-27 09:55:25","2017-12-27 12:53:08",0.12341435185185
101002293708,"2017-12-27 09:57:39","2017-12-27 12:48:14",0.11846064814815
101002293710,"2017-12-27 09:58:39","2017-12-27 12:44:49",0.11539351851852
101002293711,"2017-12-27 09:59:43","2017-12-27 12:45:18",0.11498842592593
101002293718,"2017-12-27 10:04:29","2017-12-27 14:11:35",0.17159722222222
101002293733,"2017-12-27 10:11:35","2017-12-27 16:18:39",0.25490740740741
101002293764,"2017-12-27 10:29:12","2017-12-27 12:58:59",0.1040162037037
101002293861,"2017-12-27 11:42:49","2017-12-27 14:05:14",0.098900462962963
101002293888,"2017-12-27 12:01:17","2017-12-27 14:11:34",0.090474537037037
101002293994,"2017-12-27 13:09:40","2017-12-27 16:18:12",0.13092592592593
101002294017,"2017-12-27 13:22:55","2017-12-27 13:50:06",0.018877314814815
101002294066,"2017-12-27 13:58:42","2017-12-27 16:07:58",0.089768518518519
101002294111,"2017-12-27 14:31:08","2017-12-27 15:39:12",0.047268518518519
101002294112,"2017-12-27 14:31:12","2017-12-27 16:54:44",0.099675925925926
101002294113,"2017-12-27 14:31:41","2017-12-27 15:42:14",0.048993055555556
101002294132,"2017-12-27 14:52:26","2017-12-27 15:47:58",0.038564814814815
101002294135,"2017-12-27 14:54:25","2017-12-27 16:05:00",0.049016203703704
101002294165,"2017-12-27 15:19:26","2017-12-27 16:17:45",0.040497685185185
101002294367,"2017-12-27 17:53:09","2017-12-28 03:13:21",0.38902777777778
101002294368,"2017-12-27 17:53:51","2017-12-28 07:10:17",0.5530787037037
101002294380,"2017-12-27 17:58:57","2017-12-28 10:48:38",0.70116898148148
101002294382,"2017-12-27 18:00:11","2017-12-28 03:09:58",0.38179398148148
101002294383,"2017-12-27 18:01:14","2017-12-28 10:48:09",0.69924768518519
101002294517,"2017-12-27 23:01:48","2017-12-28 03:06:37",0.17001157407407
101002294549,"2017-12-28 07:15:28","2017-12-28 13:14:31",0.24934027777778
101002294643,"2017-12-28 09:21:09","2017-12-28 13:01:05",0.15273148148148
101002294741,"2017-12-28 10:28:36","2017-12-28 11:38:18",0.048402777777778
101002294948,"2017-12-28 13:21:16","2017-12-29 12:47:10",0.97631944444444
101002295465,"2017-12-29 09:52:26","2017-12-29 11:19:03",0.060150462962963
101002295590,"2017-12-29 11:26:23","2017-12-29 12:28:40",0.043252314814815
101002295749,"2017-12-29 13:52:32","2017-12-30 10:19:48",0.85226851851852
101002295799,"2017-12-29 14:32:12","2017-12-30 11:26:56",0.87134259259259
101002295921,"2017-12-29 16:10:39","2017-12-30 11:16:14",0.79554398148148
101002295955,"2017-12-29 16:40:59","2017-12-30 11:16:15",0.77449074074074
101002296055,"2017-12-29 19:04:38","2017-12-30 09:41:23",0.60885416666667
101002297366,"2018-01-02 09:03:12","2018-01-02 10:38:46",0.066365740740741
101002297689,"2018-01-02 13:20:46","2018-01-03 11:00:02",0.90226851851852
101002297691,"2018-01-02 13:21:14","2018-01-03 11:08:14",0.90763888888889
101002297693,"2018-01-02 13:21:47","2018-01-03 11:01:56",0.90288194444444
101002297694,"2018-01-02 13:22:19","2018-01-03 11:13:08",0.91028935185185
101002297700,"2018-01-02 13:24:29","2018-01-03 11:09:14",0.90607638888889
101002298436,"2018-01-03 09:46:38","2018-01-03 12:14:28",0.10266203703704
101002301131,"2018-01-05 09:39:58","2018-01-06 12:39:07",1.1244097222222
101002301271,"2018-01-05 10:10:57","2018-01-06 13:08:45",1.1234722222222
101002301272,"2018-01-05 10:11:14","2018-01-06 12:38:59",1.1026041666667
101002302299,"2018-01-05 14:33:53","2018-01-06 12:36:17",0.91833333333333
101002302313,"2018-01-05 14:39:51","2018-01-06 12:36:18",0.91420138888889
101002302425,"2018-01-05 15:10:25","2018-01-07 10:11:26",1.7923726851852
101002302552,"2018-01-05 15:41:09","2018-01-06 13:24:51",0.90534722222222
101002302691,"2018-01-05 16:15:07","2018-01-07 09:25:08",1.7152893518519
101002303044,"2018-01-05 17:45:07","2018-01-06 13:52:41",0.83858796296296
101002303161,"2018-01-05 18:11:33","2018-01-07 08:54:54",1.6134375
101002303461,"2018-01-05 19:43:23","2018-01-06 13:18:30",0.73271990740741
101002303534,"2018-01-05 20:21:00","2018-01-06 13:08:44",0.69981481481481
101002304528,"2018-01-06 12:48:09","2018-01-06 13:57:04",0.047858796296296
101002304532,"2018-01-06 12:48:49","2018-01-06 13:55:37",0.046388888888889
101002304783,"2018-01-06 14:30:50","2018-01-07 08:46:41",0.76100694444444
101002305068,"2018-01-06 16:46:04","2018-01-07 08:00:52",0.63527777777778
101002305294,"2018-01-06 19:51:39","2018-01-07 10:05:36",0.59302083333333
101002305365,"2018-01-06 21:35:21","2018-01-07 09:07:35",0.48071759259259
101002305554,"2018-01-07 08:47:13","2018-01-07 09:31:26",0.030706018518519
101002305578,"2018-01-07 09:16:32","2018-01-07 09:31:28",0.01037037037037
101002305728,"2018-01-07 11:07:32","2018-01-08 13:46:34",1.1104398148148
101002306470,"2018-01-07 18:36:24","2018-01-08 15:15:26",0.86043981481481
101002306588,"2018-01-07 20:50:17","2018-01-08 14:02:07",0.71655092592593
101002306747,"2018-01-08 07:05:12","2018-01-08 15:32:58",0.35261574074074
101002306788,"2018-01-08 07:21:53","2018-01-08 15:33:33",0.34143518518519
101002306796,"2018-01-08 07:25:14","2018-01-08 15:35:56",0.34076388888889
101002306801,"2018-01-08 07:26:32","2018-01-08 15:31:00",0.33643518518519
101002307002,"2018-01-08 08:13:07","2018-01-08 15:47:38",0.31563657407407
101002307020,"2018-01-08 08:17:37","2018-01-08 16:08:07",0.32673611111111
101002307144,"2018-01-08 08:43:31","2018-01-08 15:22:16",0.27690972222222
101002307199,"2018-01-08 08:51:01","2018-01-08 14:29:29",0.2350462962963
101002307211,"2018-01-08 08:53:43","2018-01-08 15:02:10",0.25586805555556
101002307336,"2018-01-08 09:16:47","2018-01-08 16:33:31",0.30328703703704
101002308179,"2018-01-08 13:06:48","2018-01-08 16:40:03",0.14809027777778
101002308272,"2018-01-08 13:42:46","2018-01-08 15:43:45",0.084016203703704
101002308353,"2018-01-08 14:11:14","2018-01-08 14:34:21",0.016053240740741
101002308468,"2018-01-08 14:54:31","2018-01-08 15:58:58",0.044756944444444
101002308495,"2018-01-08 15:04:23","2018-01-10 15:03:17",1.9992361111111
101002308604,"2018-01-08 15:43:51","2018-01-08 17:20:14",0.06693287037037
101002308629,"2018-01-08 15:50:48","2018-01-10 16:04:09",2.0092708333333
101002308712,"2018-01-08 16:19:31","2018-01-10 14:22:27",1.9187037037037
101002308746,"2018-01-08 16:30:07","2018-01-10 13:58:13",1.8945138888889
101002308891,"2018-01-08 17:14:34","2018-01-10 15:21:43",1.9216319444444
101002308988,"2018-01-08 17:48:10","2018-01-10 15:16:53",1.8949421296296
101002308999,"2018-01-08 17:53:15","2018-01-10 13:55:49",1.8351157407407
101002309532,"2018-01-08 23:39:23","2018-01-10 14:36:17",1.6228472222222
101002320146,"2018-01-09 11:54:34","2018-01-10 15:52:00",1.1648842592593
101002320502,"2018-01-09 13:23:49","2018-01-10 15:03:11",1.0690046296296
101002320971,"2018-01-09 15:44:02","2018-01-10 15:03:42",0.97199074074074
101002321127,"2018-01-09 16:37:40","2018-01-10 14:49:31",0.92489583333333
101002321545,"2018-01-09 19:02:18","2018-01-10 13:49:40",0.78289351851852
101002322070,"2018-01-10 08:13:31","2018-01-10 14:22:28",0.25621527777778
101002322103,"2018-01-10 08:21:31","2018-01-10 15:48:07",0.31013888888889
101002322806,"2018-01-10 13:03:35","2018-01-11 11:03:04",0.91630787037037
101002322809,"2018-01-10 13:04:13","2018-01-11 11:02:34",0.91552083333333
101002322812,"2018-01-10 13:05:29","2018-01-11 11:02:37",0.91467592592593
101002322923,"2018-01-10 14:08:04","2018-01-11 10:51:21",0.8633912037037
101002323629,"2018-01-10 21:23:15","2018-01-11 12:46:44",0.64130787037037
101002323992,"2018-01-11 08:47:05","2018-01-11 12:02:50",0.1359375
101002330897,"2018-01-18 11:51:16","2018-01-18 11:58:23",0.0049421296296296
101002331082,"2018-01-18 14:25:12","2018-01-19 06:56:37",0.6884837962963
101002331292,"2018-01-18 17:58:53","2018-01-19 07:18:27",0.55525462962963
101002331426,"2018-01-18 22:21:23","2018-01-19 07:04:32",0.36329861111111
101002331847,"2018-01-19 10:48:43","2018-01-20 09:38:38",0.95133101851852
101002331886,"2018-01-19 11:10:06","2018-01-20 08:39:30",0.89541666666667
101002331923,"2018-01-19 11:41:16","2018-01-20 08:40:11",0.87424768518519
101002332191,"2018-01-19 15:04:13","2018-01-20 09:20:54",0.76158564814815
101002342435,"2018-01-19 23:30:20","2018-01-20 09:41:54",0.42469907407407
101002374578,"2018-02-19 11:45:42","2018-02-19 12:25:12",0.027430555555556
101002374579,"2018-02-19 11:46:52","2018-02-19 12:25:13",0.026631944444444
101002780770,"2019-01-20 19:35:43","2019-01-25 08:59:31",4.5581944444444
101002780907,"2019-01-21 07:49:22","2019-01-24 07:44:57",2.9969328703704
101002781041,"2019-01-21 09:51:35","2019-01-25 09:04:37",3.9673842592593
101002781565,"2019-01-21 16:02:22","2019-01-25 07:43:36",3.6536342592593
101002781670,"2019-01-21 17:57:25","2019-01-25 07:33:57",3.567037037037
101002782453,"2019-01-22 11:15:59","2019-01-25 07:21:15",2.8369907407407
101002782507,"2019-01-22 11:40:10","2019-01-25 09:09:23",2.8952893518519
101002782690,"2019-01-22 13:21:43","2019-01-24 07:44:59",1.7661574074074
101002783124,"2019-01-22 17:21:42","2019-01-25 07:08:08",2.573912037037
101002783171,"2019-01-22 17:49:48","2019-01-24 07:29:35",1.5692939814815
101002783231,"2019-01-22 18:21:05","2019-01-25 07:03:17",2.5293055555556
101002783233,"2019-01-22 18:21:56","2019-01-25 07:04:50",2.5297916666667
101002784005,"2019-01-23 09:37:13","2019-01-25 09:08:39",1.980162037037
101002784089,"2019-01-23 10:11:34","2019-01-24 09:20:05",0.96424768518519
101002784492,"2019-01-23 14:20:32","2019-01-25 07:49:19",1.7283217592593
101002784499,"2019-01-23 14:23:38","2019-01-25 07:48:47",1.7257986111111
101002784596,"2019-01-23 15:11:32","2019-01-25 06:58:55",1.6579050925926
101002784804,"2019-01-23 17:18:11","2019-01-25 07:54:27",1.6085185185185
101002784853,"2019-01-23 18:07:03","2019-01-25 07:27:30",1.5558680555556
101002785192,"2019-01-24 07:47:34","2019-01-25 07:57:38",1.0069907407407
101002785727,"2019-01-24 13:27:16","2019-01-25 08:56:20",0.81185185185185
101002791528,"2019-02-01 10:21:18","2019-02-01 12:58:33",0.10920138888889
101002798777,"2019-02-12 11:04:06","2019-02-12 12:06:20",0.043217592592593
101002800940,"2019-02-14 18:04:55","2019-02-15 07:45:38",0.56994212962963
101002801060,"2019-02-14 23:04:51","2019-02-15 07:46:13",0.36206018518519
101002802776,"2019-02-18 13:11:25","2019-02-20 12:42:52",1.9801736111111
101002803683,"2019-02-19 16:29:03","2019-02-20 10:58:19",0.77032407407407
101002803711,"2019-02-19 17:05:00","2019-02-20 12:30:48",0.80958333333333
101002803713,"2019-02-19 17:06:05","2019-02-20 12:28:20",0.80711805555556
101002803780,"2019-02-19 18:44:19","2019-02-20 10:41:58",0.66503472222222
101002803804,"2019-02-19 19:18:11","2019-02-20 10:41:29",0.64118055555556
101002803905,"2019-02-19 23:13:23","2019-02-20 12:53:47",0.56972222222222
101002804252,"2019-02-20 10:23:47","2019-02-20 11:08:46",0.031238425925926
101002804400,"2019-02-20 12:25:10","2019-02-20 12:38:11",0.0090393518518519
101002804640,"2019-02-20 16:17:33","2019-02-22 09:55:44",1.734849537037
101002825074,"2019-02-21 10:12:41","2019-02-22 10:09:54",0.99806712962963
101002825422,"2019-02-21 15:42:44","2019-02-22 09:37:53",0.74663194444444
101002825501,"2019-02-21 17:52:42","2019-02-22 09:30:31",0.65126157407407
101002825693,"2019-02-22 07:01:03","2019-02-22 09:50:01",0.11733796296296
101002826212,"2019-02-22 14:13:50","2019-02-23 11:08:32",0.87131944444444
101002826214,"2019-02-22 14:14:23","2019-02-23 11:13:23",0.87430555555556
101002826555,"2019-02-23 04:58:09","2019-02-23 11:19:42",0.26496527777778
101002829583,"2019-02-26 22:25:08","2019-02-27 06:48:53",0.34982638888889
101002831482,"2019-03-01 12:39:11","2019-03-03 14:01:07",2.0568981481481
101002831744,"2019-03-01 18:56:07","2019-03-03 13:49:02",1.7867476851852
101002832134,"2019-03-02 18:19:33","2019-03-03 14:19:51",0.83354166666667
101002832384,"2019-03-03 11:38:55","2019-03-03 14:20:14",0.11202546296296
101002833310,"2019-03-04 11:12:49","2019-03-07 06:55:42",2.8214467592593
101002833585,"2019-03-04 13:18:23","2019-03-07 11:17:46",2.9162384259259
101002833587,"2019-03-04 13:19:18","2019-03-06 07:22:19",1.7520949074074
101002833596,"2019-03-04 13:25:07","2019-03-06 06:49:56",1.7255671296296
101002833609,"2019-03-04 13:30:24","2019-03-07 11:17:47",2.9079050925926
101002833610,"2019-03-04 13:31:25","2019-03-06 06:51:19",1.7221527777778
101002833616,"2019-03-04 13:32:31","2019-03-07 11:17:10",2.9060069444444
101002833661,"2019-03-04 13:54:32","2019-03-06 07:17:09",1.7240393518519
101002833683,"2019-03-04 14:05:56","2019-03-06 06:50:59",1.6979513888889
101002833834,"2019-03-04 15:14:46","2019-03-06 06:52:18",1.6510648148148
101002833943,"2019-03-04 16:21:17","2019-03-06 06:50:24",1.6035532407407
101002834019,"2019-03-04 17:01:06","2019-03-06 06:50:17",1.5758217592593
101002834092,"2019-03-04 17:38:08","2019-03-06 06:49:21",1.5494560185185
101002834257,"2019-03-04 19:12:30","2019-03-07 10:26:54",2.635
101002835150,"2019-03-05 10:58:50","2019-03-07 07:09:56",1.8410416666667
101002835279,"2019-03-05 11:59:39","2019-03-08 09:03:23",2.8775925925926
101002835634,"2019-03-05 15:31:22","2019-03-06 07:30:48",0.66627314814815
101002835726,"2019-03-05 16:40:10","2019-03-08 07:09:47",2.603900462963
101002835739,"2019-03-05 16:47:04","2019-03-07 07:19:02",1.6055324074074
101002835743,"2019-03-05 16:47:47","2019-03-07 08:22:25",1.6490509259259
101002835767,"2019-03-05 16:59:09","2019-03-06 07:09:18",0.59038194444444
101002835810,"2019-03-05 17:19:51","2019-03-06 07:16:13",0.58081018518519
101002835811,"2019-03-05 17:21:33","2019-03-06 07:16:08",0.57957175925926
101002835812,"2019-03-05 17:22:15","2019-03-06 07:08:21",0.57368055555556
101002835814,"2019-03-05 17:24:13","2019-03-07 09:57:07",1.6895138888889
101002835991,"2019-03-06 07:55:41","2019-03-07 07:30:59",0.98284722222222
101002836142,"2019-03-06 09:56:02","2019-03-08 09:49:37",1.9955439814815
101002836248,"2019-03-06 09:59:39","2019-03-07 10:44:27",1.0311111111111
101002836268,"2019-03-06 10:00:26","2019-03-08 07:20:00",1.888587962963
101002837253,"2019-03-06 17:01:56","2019-03-07 09:53:12",0.70226851851852
101002837839,"2019-03-07 09:11:44","2019-03-08 07:20:43",0.92290509259259
101002838027,"2019-03-07 10:38:30","2019-03-07 10:50:16",0.0081712962962963
101002838243,"2019-03-07 13:36:40","2019-03-08 09:29:40",0.82847222222222
101002838343,"2019-03-07 14:56:20","2019-03-08 09:34:51",0.77674768518519
101002838703,"2019-03-07 21:06:51","2019-03-08 09:50:36",0.53038194444444
101002838736,"2019-03-07 22:24:05","2019-03-08 07:40:32",0.38642361111111
101002839084,"2019-03-08 09:51:59","2019-03-08 10:04:15",0.0085185185185185
101002839343,"2019-03-08 13:08:41","2019-03-11 08:43:20",2.7740625
101002839406,"2019-03-08 14:06:36","2019-03-11 10:01:43",2.788275462963
101002839606,"2019-03-08 17:21:03","2019-03-11 10:01:37",2.6531712962963
101002839645,"2019-03-08 18:13:20","2019-03-11 08:03:25",2.5347800925926
101002839742,"2019-03-08 22:21:28","2019-03-11 07:09:16",2.3248611111111
101002840052,"2019-03-09 13:35:09","2019-03-11 09:14:27",1.7772916666667
101002840059,"2019-03-09 13:41:42","2019-03-11 09:09:18",1.7691666666667
101002840730,"2019-03-11 07:12:01","2019-03-11 07:25:51",0.0096064814814815
101002840809,"2019-03-11 08:11:12","2019-03-11 09:35:29",0.058530092592593
101002841644,"2019-03-11 17:37:11","2019-03-12 07:50:40",0.59269675925926
101002842514,"2019-03-12 13:00:15","2019-03-13 07:17:22",0.76188657407407
101003127492,"2019-12-03 20:18:10","2019-12-04 02:44:14",0.26810185185185
101003127681,"2019-12-04 07:27:41","2019-12-05 12:06:37",1.1937037037037
101003127876,"2019-12-04 08:47:40","2019-12-06 00:39:19",1.6608680555556
101003127898,"2019-12-04 08:53:08","2019-12-06 02:34:12",1.7368518518519
101003128286,"2019-12-04 12:16:29","2019-12-05 12:06:53",0.99333333333333
101003128916,"2019-12-04 19:35:17","2019-12-05 12:07:52",0.68929398148148
101003129139,"2019-12-05 08:05:39","2019-12-05 12:08:15",0.16847222222222
101003131728,"2019-12-08 14:32:43","2019-12-09 18:39:28",1.1713541666667
101003139658,"2019-12-18 11:33:59","2019-12-18 22:57:36",0.4747337962963
101003139662,"2019-12-18 11:35:41","2019-12-18 22:55:31",0.47210648148148
101003139666,"2019-12-18 11:37:14","2019-12-18 22:51:37",0.46832175925926
101003139669,"2019-12-18 11:38:01","2019-12-18 22:49:37",0.46638888888889
101003139744,"2019-12-18 12:31:58","2019-12-18 23:21:18",0.45092592592593
101003139792,"2019-12-18 12:56:50","2019-12-18 23:06:41",0.42350694444444
101003140147,"2019-12-18 18:27:36","2019-12-18 22:20:29",0.16172453703704
101003140318,"2019-12-18 23:38:04","2019-12-19 05:06:31",0.22809027777778
101003140319,"2019-12-18 23:38:08","2019-12-19 04:54:48",0.21990740740741
101003140320,"2019-12-18 23:39:40","2019-12-19 05:00:05",0.22251157407407
101003140388,"2019-12-19 07:09:28","2019-12-19 10:39:39",0.14596064814815
101003140484,"2019-12-19 08:02:20","2019-12-19 11:40:41",0.15163194444444
101003140590,"2019-12-19 09:19:15","2019-12-19 12:24:24",0.12857638888889
101003140802,"2019-12-19 11:41:27","2019-12-19 12:55:44",0.051585648148148
101003140898,"2019-12-19 12:57:47","2019-12-20 08:17:43",0.80550925925926
101003141117,"2019-12-19 16:01:16","2019-12-20 09:57:01",0.74704861111111
101003141166,"2019-12-19 16:47:39","2019-12-20 11:18:52",0.77167824074074
101003141179,"2019-12-19 17:10:42","2019-12-20 10:06:18",0.70527777777778
101003141201,"2019-12-19 17:30:12","2019-12-20 09:18:30",0.65854166666667
101003141245,"2019-12-19 18:32:10","2019-12-20 08:29:20",0.58136574074074
101003141273,"2019-12-19 19:22:23","2019-12-22 07:37:38",2.5105902777778
101003141284,"2019-12-19 19:36:40","2019-12-20 10:18:31",0.61239583333333
101003141300,"2019-12-19 19:57:48","2019-12-20 08:45:52",0.53337962962963
101003141366,"2019-12-19 22:22:20","2019-12-22 07:55:12",2.3978240740741
101003141429,"2019-12-20 06:40:45","2019-12-20 08:57:04",0.094664351851852
101003141471,"2019-12-20 07:23:10","2019-12-20 09:08:21",0.073043981481481
101003141484,"2019-12-20 07:43:37","2019-12-20 08:28:47",0.031365740740741
101003141499,"2019-12-20 07:57:00","2019-12-20 10:13:57",0.095104166666667
101003141524,"2019-12-20 08:10:12","2019-12-20 08:35:44",0.017731481481481
101003141634,"2019-12-20 09:09:19","2019-12-22 07:53:14",1.9471643518519
101003142207,"2019-12-20 16:41:38","2019-12-22 08:06:51",1.6425115740741
101003142320,"2019-12-20 19:55:48","2019-12-22 08:01:28",1.5039351851852
101003142346,"2019-12-20 20:53:49","2019-12-22 08:39:55",1.4903472222222
101003142347,"2019-12-20 20:54:42","2019-12-22 08:39:26",1.4893981481481
101003142349,"2019-12-20 20:56:22","2019-12-22 08:45:45",1.4926273148148
101003142350,"2019-12-20 20:57:22","2019-12-22 08:46:14",1.4922685185185
101003142352,"2019-12-20 20:58:48","2019-12-22 08:52:07",1.4953587962963
101003142740,"2019-12-21 14:44:15","2019-12-22 08:32:09",0.74159722222222
101003142883,"2019-12-21 19:06:55","2019-12-22 07:45:57",0.52710648148148
101003142940,"2019-12-21 23:31:12","2019-12-22 08:26:54",0.37201388888889
